{
    "parent": "item/handheld",
    "textures": {
        "layer0": "item/stone_axe"
    },
    "overrides": [
    	{
            "predicate": {
            	"damaged": 0,
                "damage": 0.05
            },
            "model": "item/stone_axe_12"
        },
        {
            "predicate": {
            	"damaged": 0,
                "damage": 0.10
            },
            "model": "item/stone_axe_01"
        },
        {
            "predicate": {
            	"damaged": 0,
                "damage": 0.15
            },
            "model": "item/stone_axe_13"
        },
        {
            "predicate": {
            	"damaged": 0,
                "damage": 0.20
            },
            "model": "item/stone_axe_02"
        },
        {
            "predicate": {
            	"damaged": 0,
                "damage": 0.30
            },
            "model": "item/stone_axe_03"
        },
        {
            "predicate": {
            	"damaged": 0,
                "damage": 0.40
            },
            "model": "item/stone_axe_04"
        },
        {
            "predicate": {
            	"damaged": 0,
                "damage": 0.50
            },
            "model": "item/stone_axe_05"
        },
        {
            "predicate": {
            	"damaged": 0,
                "damage": 0.60
            },
            "model": "item/stone_axe_06"
        },
        {
            "predicate": {
            	"damaged": 0,
                "damage": 0.70
            },
            "model": "item/stone_axe_07"
        },
        {
            "predicate": {
            	"damaged": 0,
                "damage": 0.80
            },
            "model": "item/stone_axe_08"
        },
        {
            "predicate": {
            	"damaged": 0,
                "damage": 0.90
            },
            "model": "item/stone_axe_09"
        },
        {
            "predicate": {
            	"damaged": 0,
                "damage": 0.95
            },
            "model": "item/stone_axe_10"
        },
        {
            "predicate": {
            	"damaged": 1,
                "damage": 0.0
            },
            "model": "item/stone_axe_11"
        }
    ]
}